nb_types,percentage_ants_bridge1,method_score
2,51.5,0
3,47.333333333333336,0
4,50.25,0
5,50.4,0
6,50.166666666666664,0
2,57.5,1
3,50.666666666666664,1
4,49.5,1
5,51.4,1
6,50.833333333333336,1
