nb_types,percentage_ants_bridge1,method_score
2,41.0,0
3,31.666666666666668,0
4,24.75,0
5,21.8,0
6,19.666666666666668,0
2,19.5,1
3,33.666666666666664,1
4,49.25,1
5,44.2,1
6,48.166666666666664,1
